artist,tags
TooManyLeftHands,All
Carmada,All
Cover Nation,All
Sam Padrul,All
YC Worldwide,All
J Saunders,All
Praything,All
Princess Music,All
Dansson & Marlon Hoffstadt,All
Dosseh,All
Radiohead,alternative
Gorillaz,alternative
Beck,alternative
Pixies,alternative
The Fray,alternative
Cake,alternative
Sonic Youth,alternative
311,alternative
The Red Jumpsuit Apparatus,alternative
Violent Femmes,alternative
Daft Punk,electronic
MGMT,electronic
Depeche Mode,electronic
Moby,electronic
The Chemical Brothers,electronic
The Prodigy,electronic
Calvin Harris,electronic
Björk,electronic
Air,electronic
Röyksopp,electronic
Animal Collective,experimental
Portugal. The Man,experimental
Panda Bear,experimental
Dirty Projectors,experimental
Bibio,experimental
Captain Beefheart & His Magic Band,experimental
Deerhoof,experimental
Liars,experimental
Xiu Xiu,experimental
Menomena,experimental
Sia,female vocalists
Feist,female vocalists
Feist,female vocalists
Feist,female vocalists
Ellie Goulding,female vocalists
Lana Del Rey,female vocalists
Alanis Morissette,female vocalists
Regina Spektor,female vocalists
PJ Harvey,female vocalists
Imogen Heap,female vocalists
The Killers,indie
Franz Ferdinand,indie
Snow Patrol,indie
Death Cab for Cutie,indie
The Kooks,indie
Arcade Fire,indie
Bloc Party,indie
Yeah Yeah Yeahs,indie
Kasabian,indie
Florence + the Machine,indie
Rihanna,pop
Lady Gaga,pop
Katy Perry,pop
Michael Jackson,pop
Britney Spears,pop
Madonna,pop
Justin Timberlake,pop
Christina Aguilera,pop
Avril Lavigne,pop
Elton John,pop
Coldplay,rock
Red Hot Chili Peppers,rock
Foo Fighters,rock
Linkin Park,rock
Maroon 5,rock
U2,rock
Kings of Leon,rock
David Bowie,rock
Weezer,rock
The White Stripes,rock
The National,seen live
Editors,seen live
The Hives,seen live
Major Lazer,seen live
Maxïmo Park,seen live
St. Vincent,seen live
Motion City Soundtrack,seen live
Biffy Clyro,seen live
Mando Diao,seen live
Matt & Kim,seen live
Johnny Marks,under 2000 listeners
DIJON,under 2000 listeners
Black Black Hills,under 2000 listeners
Bamberg Symphony Orchestra,under 2000 listeners
Wyatt,under 2000 listeners
A-Minor,under 2000 listeners
Dionysia,under 2000 listeners
Robb,under 2000 listeners
OT,under 2000 listeners
Wilderness Survival,under 2000 listeners
